channel	wavelength_angstrom	description	frame
0	4965.00000000	[O III] 4959: -766 km s⁻¹	layer_000_04965.00A.png
1	4965.78947368	[O III] 4959: -718 km s⁻¹	layer_001_04965.79A.png
2	4966.57894737	[O III] 4959: -671 km s⁻¹	layer_002_04966.58A.png
3	4967.36842105	[O III] 4959: -623 km s⁻¹	layer_003_04967.37A.png
4	4968.15789474	[O III] 4959: -576 km s⁻¹	layer_004_04968.16A.png
5	4968.94736842	[O III] 4959: -528 km s⁻¹	layer_005_04968.95A.png
6	4969.73684211	[O III] 4959: -481 km s⁻¹	layer_006_04969.74A.png
7	4970.52631579	[O III] 4959: -433 km s⁻¹	layer_007_04970.53A.png
8	4971.31578947	[O III] 4959: -386 km s⁻¹	layer_008_04971.32A.png
9	4972.10526316	[O III] 4959: -338 km s⁻¹	layer_009_04972.11A.png
10	4972.89473684	[O III] 4959: -291 km s⁻¹	layer_010_04972.89A.png
11	4973.68421053	[O III] 4959: -243 km s⁻¹	layer_011_04973.68A.png
12	4974.47368421	[O III] 4959: -195 km s⁻¹	layer_012_04974.47A.png
13	4975.26315789	[O III] 4959: -148 km s⁻¹	layer_013_04975.26A.png
14	4976.05263158	[O III] 4959: -100 km s⁻¹	layer_014_04976.05A.png
15	4976.84210526	[O III] 4959: -53 km s⁻¹	layer_015_04976.84A.png
16	4977.63157895	[O III] 4959: -5 km s⁻¹	layer_016_04977.63A.png
17	4978.42105263	[O III] 4959: +42 km s⁻¹	layer_017_04978.42A.png
18	4979.21052632	[O III] 4959: +90 km s⁻¹	layer_018_04979.21A.png
19	4980.00000000	[O III] 4959: +137 km s⁻¹	layer_019_04980.00A.png
20	4980.78947368	[O III] 4959: +185 km s⁻¹	layer_020_04980.79A.png
21	4981.57894737	[O III] 4959: +232 km s⁻¹	layer_021_04981.58A.png
22	4982.36842105	[O III] 4959: +280 km s⁻¹	layer_022_04982.37A.png
23	4983.15789474	[O III] 4959: +328 km s⁻¹	layer_023_04983.16A.png
24	4983.94736842	[O III] 4959: +375 km s⁻¹	layer_024_04983.95A.png
25	4984.73684211	[O III] 4959: +423 km s⁻¹	layer_025_04984.74A.png
26	4985.52631579	[O III] 4959: +470 km s⁻¹	layer_026_04985.53A.png
27	4986.31578947	[O III] 4959: +518 km s⁻¹	layer_027_04986.32A.png
28	4987.10526316	[O III] 4959: +565 km s⁻¹	layer_028_04987.11A.png
29	4987.89473684	[O III] 4959: +613 km s⁻¹	layer_029_04987.89A.png
30	4988.68421053	[O III] 4959: +660 km s⁻¹	layer_030_04988.68A.png
31	4989.47368421	[O III] 4959: +708 km s⁻¹	layer_031_04989.47A.png
32	4990.26315789	[O III] 4959: +755 km s⁻¹	layer_032_04990.26A.png
33	4991.05263158	[O III] 4959: +803 km s⁻¹	layer_033_04991.05A.png
34	4991.84210526	[O III] 4959: +851 km s⁻¹	layer_034_04991.84A.png
35	4992.63157895	[O III] 4959: +898 km s⁻¹	layer_035_04992.63A.png
36	4993.42105263	[O III] 4959: +946 km s⁻¹	layer_036_04993.42A.png
37	4994.21052632	[O III] 4959: +993 km s⁻¹	layer_037_04994.21A.png
38	4995.00000000	[O III] 4959: +1041 km s⁻¹	layer_038_04995.00A.png
39	4995.78947368	[O III] 4959: +1088 km s⁻¹	layer_039_04995.79A.png
40	4996.57894737	[O III] 4959: +1136 km s⁻¹	layer_040_04996.58A.png
41	4997.36842105	[O III] 4959: +1183 km s⁻¹	layer_041_04997.37A.png
42	4998.15789474	[O III] 4959: +1231 km s⁻¹	layer_042_04998.16A.png
43	4998.94736842	[O III] 4959: +1279 km s⁻¹	layer_043_04998.95A.png
44	4999.73684211	[O III] 4959: +1326 km s⁻¹	layer_044_04999.74A.png
45	5000.52631579	[O III] 4959: +1374 km s⁻¹	layer_045_05000.53A.png
46	5001.31578947	[O III] 4959: +1421 km s⁻¹	layer_046_05001.32A.png
47	5002.10526316	[O III] 5007: -1415 km s⁻¹	layer_047_05002.11A.png
48	5002.89473684	[O III] 5007: -1368 km s⁻¹	layer_048_05002.89A.png
49	5003.68421053	[O III] 5007: -1321 km s⁻¹	layer_049_05003.68A.png
50	5004.47368421	[O III] 5007: -1274 km s⁻¹	layer_050_05004.47A.png
51	5005.26315789	[O III] 5007: -1227 km s⁻¹	layer_051_05005.26A.png
52	5006.05263158	[O III] 5007: -1180 km s⁻¹	layer_052_05006.05A.png
53	5006.84210526	[O III] 5007: -1133 km s⁻¹	layer_053_05006.84A.png
54	5007.63157895	[O III] 5007: -1086 km s⁻¹	layer_054_05007.63A.png
55	5008.42105263	[O III] 5007: -1039 km s⁻¹	layer_055_05008.42A.png
56	5009.21052632	[O III] 5007: -991 km s⁻¹	layer_056_05009.21A.png
57	5010.00000000	[O III] 5007: -944 km s⁻¹	layer_057_05010.00A.png
58	5010.78947368	[O III] 5007: -897 km s⁻¹	layer_058_05010.79A.png
59	5011.57894737	[O III] 5007: -850 km s⁻¹	layer_059_05011.58A.png
60	5012.36842105	[O III] 5007: -803 km s⁻¹	layer_060_05012.37A.png
61	5013.15789474	[O III] 5007: -756 km s⁻¹	layer_061_05013.16A.png
62	5013.94736842	[O III] 5007: -709 km s⁻¹	layer_062_05013.95A.png
63	5014.73684211	[O III] 5007: -662 km s⁻¹	layer_063_05014.74A.png
64	5015.52631579	[O III] 5007: -615 km s⁻¹	layer_064_05015.53A.png
65	5016.31578947	[O III] 5007: -568 km s⁻¹	layer_065_05016.32A.png
66	5017.10526316	[O III] 5007: -520 km s⁻¹	layer_066_05017.11A.png
67	5017.89473684	[O III] 5007: -473 km s⁻¹	layer_067_05017.89A.png
68	5018.68421053	[O III] 5007: -426 km s⁻¹	layer_068_05018.68A.png
69	5019.47368421	[O III] 5007: -379 km s⁻¹	layer_069_05019.47A.png
70	5020.26315789	[O III] 5007: -332 km s⁻¹	layer_070_05020.26A.png
71	5021.05263158	[O III] 5007: -285 km s⁻¹	layer_071_05021.05A.png
72	5021.84210526	[O III] 5007: -238 km s⁻¹	layer_072_05021.84A.png
73	5022.63157895	[O III] 5007: -191 km s⁻¹	layer_073_05022.63A.png
74	5023.42105263	[O III] 5007: -144 km s⁻¹	layer_074_05023.42A.png
75	5024.21052632	[O III] 5007: -97 km s⁻¹	layer_075_05024.21A.png
76	5025.00000000	[O III] 5007: -50 km s⁻¹	layer_076_05025.00A.png
77	5025.78947368	[O III] 5007: -2 km s⁻¹	layer_077_05025.79A.png
78	5026.57894737	[O III] 5007: +45 km s⁻¹	layer_078_05026.58A.png
79	5027.36842105	[O III] 5007: +92 km s⁻¹	layer_079_05027.37A.png
80	5028.15789474	[O III] 5007: +139 km s⁻¹	layer_080_05028.16A.png
81	5028.94736842	[O III] 5007: +186 km s⁻¹	layer_081_05028.95A.png
82	5029.73684211	[O III] 5007: +233 km s⁻¹	layer_082_05029.74A.png
83	5030.52631579	[O III] 5007: +280 km s⁻¹	layer_083_05030.53A.png
84	5031.31578947	[O III] 5007: +327 km s⁻¹	layer_084_05031.32A.png
85	5032.10526316	[O III] 5007: +374 km s⁻¹	layer_085_05032.11A.png
86	5032.89473684	[O III] 5007: +421 km s⁻¹	layer_086_05032.89A.png
87	5033.68421053	[O III] 5007: +468 km s⁻¹	layer_087_05033.68A.png
88	5034.47368421	[O III] 5007: +516 km s⁻¹	layer_088_05034.47A.png
89	5035.26315789	[O III] 5007: +563 km s⁻¹	layer_089_05035.26A.png
90	5036.05263158	[O III] 5007: +610 km s⁻¹	layer_090_05036.05A.png
91	5036.84210526	[O III] 5007: +657 km s⁻¹	layer_091_05036.84A.png
92	5037.63157895	[O III] 5007: +704 km s⁻¹	layer_092_05037.63A.png
93	5038.42105263	[O III] 5007: +751 km s⁻¹	layer_093_05038.42A.png
94	5039.21052632	[O III] 5007: +798 km s⁻¹	layer_094_05039.21A.png
95	5040.00000000	[O III] 5007: +845 km s⁻¹	layer_095_05040.00A.png
